Top queries,Clicks,Impressions,CTR,Position
what day of the week was i born,0,133,0%,13.4
what day was i born on by date of birth,0,95,0%,10.57
what day of the week was i born calculator,0,51,0%,10.94
what day was i born,0,39,0%,15.1
what day was i born on,0,28,0%,17.14
day of birth,0,26,0%,29.54
what day of the week was i born on,0,24,0%,11.42
born on what day of the week,0,17,0%,13.71
what day was my birthday,0,14,0%,13.43
what day of the week is my birthday,0,13,0%,10.62
what day does my birthday fall on,0,12,0%,8.83
what day of week was i born,0,12,0%,12
what day was i born in the week,0,11,0%,13
what day is my birthday,0,11,0%,18.09
birth of the day,0,9,0%,39.33
day of the week birthday calculator,0,8,0%,10.38
what day was i born calculator by date of birth,0,8,0%,10.88
what day i was born on,0,8,0%,27.25
what day born,0,7,0%,23.14
what weekday was i born,0,6,0%,10.67
day of the week i was born,0,6,0%,12.5
what day will my birthday be on,0,6,0%,13
birthday day of the week,0,6,0%,13.17
what day were you born on,0,6,0%,21.5
how to calculate the day of your birthday,0,5,0%,10.2
what day of the week was my birthday,0,5,0%,11
day of the week birthday,0,5,0%,14.6
what is the day of my birthday,0,5,0%,15
day of the week born,0,5,0%,20.6
what day am i born,0,5,0%,22.2
what day i was born,0,5,0%,23
what day was i born on calculator,0,5,0%,24.2
birthdays by day,0,5,0%,29
day you were born,0,5,0%,44.4
how to calculate what day you were born on,0,4,0%,8.5
birthday day of the week calculator,0,4,0%,8.75
how to figure out what day of the week you were born,0,4,0%,9.5
how to calculate what day of the week you were born,0,4,0%,10
what week day was i born,0,4,0%,10
which day was i born calculator,0,4,0%,10.25
which day of the week was i born,0,4,0%,11.5
how to work out what day of the week you were born,0,4,0%,15.25
birth day of the week,0,4,0%,17.5
on which day of the week were you born,0,4,0%,18.5
day of the week you were born,0,4,0%,19.75
day of birth calculator,0,4,0%,24.5
day born calculator,0,4,0%,25
day i was born,0,4,0%,29.75
what is the day i was born,0,4,0%,35
how to find out what day of the week i was born,0,3,0%,11
what day of the week were you born,0,3,0%,13.33
day of the week i was born calculator,0,3,0%,14.67
what day of the week was i born on calculator,0,3,0%,14.67
what day was it when i was born,0,3,0%,14.67
find out what day you were born,0,3,0%,17
what day is on my birthday,0,3,0%,18.67
what day was it on my birthday,0,3,0%,21.67
what day you were born,0,3,0%,25
birth of day,0,3,0%,28.33
days born,0,3,0%,29.33
an welchem wochentag bin ich geboren,0,3,0%,67
day you are born,0,2,0%,9
days of the week born,0,2,0%,10
how to calculate which day you were born,0,2,0%,10
which day is my birthday,0,2,0%,10
how to calculate birthday day of the week,0,2,0%,10.5
which day was i born,0,2,0%,10.5
birth date day finder,0,2,0%,11
what day was i born on by date of birth calculator,0,2,0%,11
what day of the week i was born,0,2,0%,14
what day was i born on?,0,2,0%,14.5
how to calculate the day you were born,0,2,0%,15.5
what day was i born on in the week,0,2,0%,15.5
whens my bday,0,2,0%,18.5
the day of the week you were born,0,2,0%,19
what day is my birthday on,0,2,0%,20.5
day of week born,0,2,0%,21
what day was it on the day i was born,0,2,0%,22.5
what day was born,0,2,0%,26.5
what day was you born,0,2,0%,27
what date is my birthday,0,2,0%,27.5
what day born on,0,2,0%,29
welke dag ben ik geboren,0,2,0%,60
op welke dag ben ik geboren,0,2,0%,73.5
welke dag geboren,0,2,0%,77
my birthday,0,1,0%,1
dynamique,0,1,0%,3
what day was his birthday,0,1,0%,8
jaaaa,0,1,0%,9
what day is my birthday next year,0,1,0%,9
which day my birthday,0,1,0%,9
how to know the day of your birthday,0,1,0%,10
how to know what day of the week someone was born,0,1,0%,10
tomorrow's date is my birthday,0,1,0%,10
what day is it,0,1,0%,10
what day is my birthday?,0,1,0%,10
what day was i born in,0,1,0%,10
what day was she born,0,1,0%,10
which day it is,0,1,0%,10
birthday day date,0,1,0%,11
day of birthday,0,1,0%,11
day of week you were born,0,1,0%,11
find day by date of birth,0,1,0%,11
how to know what day of the week child you are,0,1,0%,11
on what day of the week was i born,0,1,0%,11
what day of the week was i born calculator by date of,0,1,0%,11
what day of the week were you born on?,0,1,0%,11
what day was i born calculator,0,1,0%,11
what day of the week were you born on,0,1,0%,16
day of my birthday,0,1,0%,18
birthday next week,0,1,0%,19
what weekday was i born on,0,1,0%,20
how often is your birthday on the same day of the week,0,1,0%,22
my birthday day,0,1,0%,23
what day were you born on calculator,0,1,0%,23
what day is your birthday,0,1,0%,24
birth day of,0,1,0%,25
check the day,0,1,0%,25
on what day was i born,0,1,0%,26
when is birthday day,0,1,0%,26
what time of the day was i born,0,1,0%,27
whens my birthday,0,1,0%,27
birth day date,0,1,0%,28
birth day of the week meaning,0,1,0%,28
on which day i was born,0,1,0%,28
day of your birth,0,1,0%,29
day of the birth,0,1,0%,30
what time of day was i born,0,1,0%,31
what was the day i was born,0,1,0%,31
when is my birth day,0,1,0%,34
what day when i was born,0,1,0%,35
born on days of the week,0,1,0%,36